{
  "type": "GenericCrafter",
  "name": "Big Kiln",
  "description": "A large kiln that uses water cooling to produce metaglass much faster and in greater quantities.",
  "size": 3,
  "health": 320,
  "hasPower": true,
  "itemCapacity": 15,
  "liquidCapacity": 112,
  "buildCostMultiplier": 0.33,
  "craftTime": 52,
  "updateEffect": "smokeCloud",
  "updateEffectChance": 0.021,
  "requirements": [
    { "item": "copper", "amount": 120 },
    { "item": "lead", "amount": 60 },
    { "item": "graphite", "amount": 60 }
  ],
  "consumes": {
    "power": 1.33,
    "items": {
      "items": [
        { "item": "lead", "amount": 1 },
        { "item": "sand", "amount": 2 }
      ]
    },
    "liquid": {
      "liquid": "water",
      "amount": 0.4
    }
  },
  "category": "crafting",
  "research": "kiln",
  "outputItem": {
    "item": "metaglass",
    "amount": 3
  },
  "drawer": [
    { "type": "DrawDefault" },
    { "type": "DrawFlame", "flameColor": "#ffcf99" }
  ]
}