{
  "type": "ItemBridge",
  "name": "Ultra Bridge Conveyor",
  "description": "Transports items instantly across a very large range, but with limited capacity.",
  "connectedPower": false,
  "itemCapacity": 12,
  "health": 70,
  "requirements": [
    { "item": "copper", "amount": 10 },
    { "item": "lead", "amount": 10 },
    { "item": "titanium", "amount": 4 }
  ],
  "category": "distribution",
  "buildCostMultiplier": 0.5,
  "range": 18,
  "research": {
    "block": "conveyor",
    "parent": "bridge-conveyor"
  }
}