{
  "type": "itemTurret",
  "name": "Rupture",
  "description": "WIP",
  "targetAir": true,
  "targetGround": true,
  "category": "turret",
  "research": {
    "parent": "double-trouble",
    "objectives": ["overgrowth", "blast-compound"]
  },
  "buildCostMultiplier": 0.5,
  "health": 1500,
  "reload": 300,
  "size": 3,
  "inaccuracy": 0,
  "shootCone": 5,
  "range": 560,
  "rotateSpeed": 2,
  "ammoPerShot": 5,
  "maxAmmo": 20,
  "recoil": 7,
  "shake": 4,
  "shootEffect": "shootBig",
  "smokeEffect": "shootBigSmoke",
  "ammoTypes": {
    "silicon": {
      "damage": 500,
      "speed": 14,
      "hitEffect": "hitBulletBig",
      "sprite": "advanced-industry-impacto-bullet"
    },
    "pyratite": {
      "damage": 400,
      "speed": 14,
      "status": "burning",
      "statusDuration": 180,
      "hitEffect": "hitFlameSmall",
      "sprite": "advanced-industry-impacto-bullet"
    },
    "blast-compound": {
      "damage": 650,
      "speed": 16,
      "pierce": true,
      "hitEffect": "hitBulletBig",
      "sprite": "advanced-industry-impacto-bullet"
    }
  },
  "requirements": [
    { "item": "copper", "amount": 500 },
    { "item": "lead", "amount": 400 },
    { "item": "titanium", "amount": 350 },
    { "item": "silicon", "amount": 450 }
  ]
}