{
  "type": "CoreBlock",
  "name": "IG Core",
  "description": "A large capacity core, but due to the fragility of its materials, it has less health and armor.",
  "health": 650,
  "itemCapacity": 21000,
  "size": 5,
  "category": "effect",
  "unitType": "gamma",
  "unitCapModifier": 60,
  "thrusterLength": 11,
  "requirements": [
    { "item": "copper", "amount": 500 },
    { "item": "lead", "amount": 600 },
    { "item": "silicon", "amount": 400 },
    { "item": "titanium", "amount": 300 }
  ],
  "research": {
    "parent": "core-nucleus"
  }
}