{
  "type": "itemTurret",
  "inaccuracy": 4,
  "name": "Double Trouble",
  "description": "Launches dual high-impact missiles, ideal for eliminating groups of enemies and armored units.",
  "buildCostMultiplier": 0.5,
  "targetAir": true,
  "targetGround": true,
  "category": "turret",
  "outlineRadius": 3,
  "health": 1200,
  "reload": 60,
  "size": 2,
  "range": 320,
  "rotateSpeed": 2.5,
  "maxAmmo": 30,
  "shootSound": "missileSmall",
  "shoot": {
    "type": "ShootAlternate",
    "barrels": 2,
    "spread": 4.8
  },
  "ammoTypes": {
    "silicon": {
      "type": "MissileBulletType",
      "hitSize": 10,
      "splashDamage": 30,
      "splashDamageRadius": 36,
      "lifetime": 38,
      "speed": 10,
      "damage": 60,
      "hitEffect": "hitBulletBig",
      "trailColor": "#bdbdbd",
      "makeFire": false,
      "sprite": "missile-large",
      "frontColor": "#a19a9999",
      "backColor": "#504d4d99",
      "recoil": 2,
      "width": 7,
      "height": 10
    },
    "pyratite": {
      "type": "MissileBulletType",
      "hitSize": 14,
      "splashDamage": 45,
      "splashDamageRadius": 48,
      "speed": 8,
      "lifetime": 40,
      "damage": 90,
      "hitEffect": "blastExplosion",
      "makeFire": true,
      "incendAmount": 6,
      "incendSpread": 2,
      "sprite": "missile-large",
      "recoil": 3
    },
    "blast-compound": {
      "type": "MissileBulletType",
      "hitSize": 18,
      "splashDamage": 70,
      "splashDamageRadius": 64,
      "speed": 8,
      "lifetime": 40,
      "damage": 150,
      "hitEffect": "blastExplosion",
      "makeFire": true,
      "incendAmount": 4,
      "incendSpread": 7,
      "sprite": "missile-large",
      "recoil": 4
    }
  },
  "requirements": [
    {
      "item": "copper",
      "amount": 80
    },
    {
      "item": "lead",
      "amount": 120
    },
    {
      "item": "graphite",
      "amount": 100
    },
    {
      "item": "silicon",
      "amount": 80
    }
  ],
  "research": {
    "parent": "death",
    "objectives": ["pyratite", "scorch"]
  }
}