{
  "type": "itemTurret",
  "name": "SkySplitter",
  "description": "Anti-air turret designed for precision with shattering ammo.",
  "targetAir": true,
  "buildCostMultiplier": 0.6,
  "targetGround": false,
  "category": "turret",
  "research": {
    "parent": "scatter",
    "objectives": ["salvo"]
  },
  "health": 450,
  "reload": 20,
  "size": 2,
  "range": 320,
  "rotateSpeed": 10,
  "ammoPerShot": 1,
  "maxAmmo": 20,
  "outlineRadius": 2,
  "ammoTypes": {
    "metaglass": {
      "damage": 20,
      "speed": 15,
      "lifetime": 25,
      "sprite": "bullet-frag",
      "fragBullets": 8,
      "fragBullet": {
        "type": "BasicBulletType",
        "damage": 6,
        "speed": 10,
        "lifetime": 12,
        "sprite": "bullet-frag"
      },
      "fragCone": 60,
      "ammoMultiplier": 2,
      "status": "frag-bomb",
      "trailColor": "#e0ffff"
    }
  },
  "requirements": [
    {
      "item": "lead",
      "amount": 40
    },
    {
      "item": "copper",
      "amount": 70
    },
    {
      "item": "metaglass",
      "amount": 30
    }
  ]
}