{
  "type": "separator",
  "name": "Separator",
  "description": "Separates scrap into basic resources. Cheap, but not very efficient.",
  "health": 120,
  "size": 2,
  "hasItems": true,
  "itemCapacity": 10,
  "craftTime": 30,
  "requirements": [
    { "item": "copper", "amount": 60 },
    { "item": "lead", "amount": 40 }
  ],
  "consumes": {
    "items": {
      "items": [
        { "item": "scrap", "amount": 2 }
      ]
    }
  },
  "results": ["copper/7", "lead/5", "graphite/3"],
  "category": "crafting",
  "research": {
    "parent": "melter"
  }
}