{
  "type": "GenericCrafter",
  "name": "Ruby Liquefier",
  "description": "Liquefies ruby crystals into a rare, high-energy liquid for advanced applications.",
  "category": "crafting",
  "size": 2,
  "health": 350,
  "hasPower": true,
  "hasItems": true,
  "hasLiquids": true,
  "outputsLiquid": true,
  "buildCostMultiplier": 0.5,
  "itemCapacity": 15,
  "liquidCapacity": 120,
  "craftTime": 180,
  "consumes": {
    "power": 2.4,
    "items": {
      "items": [
        {
          "item": "ruby",
          "amount": 5
        }
      ]
    }
  },
  "outputLiquid": {
    "liquid": "liquid-ruby",
    "amount": 0.5
  },
  "requirements": [
    { "item": "lead", "amount": 200 },
    { "item": "titanium", "amount": 150 },
    { "item": "ruby", "amount": 340 }
  ],
  "research": {
    "parent": "cryofluid-mixer",
    "objectives": ["cryofluid-mixer", "ruby"]
  },
  "drawer": [
    { "type": "DrawRegion", "suffix": "-bottom" },
    { "type": "DrawDefault" },
    { "type": "DrawLiquidRegion", "drawLiquid": "liquid-ruby", "suffix": "-liquid" },
    { "type": "DrawRegion", "suffix": "-top" }
  ]
}
