{
  "type": "itemTurret",
  "inaccuracy": 2,
  "name": "Death",
  "description": "WIP",
  "targetAir": true,
  "buildCostMultiplier": 0.4,
  "targetGround": true,
  "category": "turret",
  "research": {
    "parent": "duo",
    "objectives": ["scatter"]
  },
  "health": 500,
  "reload": 18,
  "size": 1,
  "range": 380,
  "rotateSpeed": 7,
  "ammoPerShot": 2,
  "maxAmmo": 30,
  "outlineRadius": 3,
  "ammoTypes": {
    "copper": {
      "damage": 9,
      "speed": 16,
      "pierce": true,
      "lifetime": 24,
      "ammoMultiplier": 3
    },
    "lead": {
      "damage": 9,
      "speed": 16,
      "pierce": true,
      "lifetime": 24,
      "ammoMultiplier": 3
    },
    "silicon": {
      "type": "MissileBulletType",
      "damage": 11,
      "speed": 13,
      "homingPower": 0.12,
      "homingRange": 60,
      "lifetime": 29,
      "ammoMultiplier": 2,
      "trailColor": "#bdbdbd",
      "hitEffect": "hitBulletSmall"
    },
    "coal": {
      "damage": 10.5,
      "status": "burning",
      "speed": 16,
      "lifetime": 24,
      "ammoMultiplier": 2
    },
    "scrap": {
      "damage": 7,
      "lifetime": 24,
      "speed": 16
    },
    "sand": {
      "damage": 4.5,
      "status": "slow-sand",
      "statusDuration": 120,
      "speed": 16,
      "lifetime": 24,
      "ammoMultiplier": 5,
      "reloadMultiplier": 0.75
    },
    "ice": {
      "damage": 8,
      "status": "freeze",
      "speed": 16,
      "lifetime": 24,
      "ammoMultiplier": 1,
      "reloadMultiplier": 0.3
    },
    "titanium": {
      "damage": 12,
      "status": "freeze",
      "speed": 16,
      "lifetime": 24,
      "ammoMultiplier": 4
    }
  },
  "requirements": [
    {
      "item": "lead",
      "amount": 20
    },
    {
      "item": "copper",
      "amount": 50
    }
  ]
}