{
  "type": "ItemBridge",
  "name": "Ultra Bridge Conveyor",
  "description": "Transports items instantly across a very large range, but with limited capacity.",
  "connectedPower": false,
  "itemCapacity": 20,
  "health": 50,
  "requirements": [
    { 
      "item": "copper",
      "amount": 10 
    },
    { 
      "item": "lead",
      "amount": 10 
    },
    { 
      "item": "titanium",
      "amount": 4 
    }
  ],
  "category": "distribution",
  "buildCostMultiplier": 0.5,
  "range": 20,
  "transportTime": 5,
  "hasPower": false,
  "research": {
    "block": "conveyor",
    "parent": "bridge-conveyor"
  }
}